{"body":[{"val":"","selector":"body"},{"val":"pattern9.png","selector":"body"},{"val":"","selector":"body"},{"val":"","selector":"body"},{"val":"","selector":"body a"}],"topbar":[{"val":"","selector":".topbar"},{"val":"","selector":".topbar"},{"val":"","selector":".topbar"},{"val":"","selector":".topbar a"}],"header-main":[{"val":"","selector":"#wpo-header"},{"val":"","selector":"#wpo-header"},{"val":"","selector":"#wpo-header"},{"val":"","selector":"#header a"}],"content":[{"val":"","selector":"#wpo-mainbody "},{"val":"","selector":"#wpo-mainbody "},{"val":"","selector":"#wpo-mainbody "},{"val":"","selector":"#wpo-mainbody a"},{"val":"","selector":"#wpo-mainbody a:hover"}],"wpo-mainnav":[{"val":"","selector":"#wpo-mainnav.navbar"},{"val":"","selector":"#wpo-mainnav.navbar ul.nav > li > a"},{"val":"","selector":"#wpo-mainnav.navbar ul.nav > li:hover > a, #wpo-mainnav.navbar ul.nav > li.active > a"}],"footer-top":[{"val":"","selector":".newsletter"},{"val":"","selector":".newsletter "},{"val":"","selector":".newsletter"},{"val":"","selector":".newsletter a"}],"footer-center":[{"val":"","selector":".footer"},{"val":"","selector":".footer"},{"val":"","selector":".footer"},{"val":"","selector":".footer a"}],"powered":[{"val":"","selector":".wpo-copyright"},{"val":"","selector":".wpo-copyright"},{"val":"","selector":".wpo-copyright"},{"val":"","selector":".wpo-copyright a"}],"product":[{"val":"","selector":".product-block .price "},{"val":"","selector":".product-block .price del "}],"modules":[{"val":"","selector":"aside.box .box-heading"},{"val":"","selector":"aside.box .box-heading"},{"val":"","selector":"aside.box > div"},{"val":"","selector":"aside.box "}],"highlighted-modules":[{"val":"","selector":".wpo-sidebar .box.highlighted  .box-heading"},{"val":"","selector":".wpo-sidebar .box.highlighted .box-heading span"},{"val":"","selector":".wpo-sidebar .box.highlighted .box-content"},{"val":"","selector":".wpo-sidebar .box.highlighted .box-content"}]}